{"ARIMA": {"MSE": [14.987873250856643, 13.250216289748176, 13.987351341270076, 15.595387571510624, 15.119743581770663, 11.495308889922256, 13.950850647464302, 12.5475648623404, 12.608895054060936, 13.263518915409563, 12.923917271401804, 14.593202618811109, 13.709992503346275, 12.895418838012523, 13.305899513046981, 13.165514440047911, 14.643916502365716, 12.479020165631818, 13.139260774611314, 11.65224786430003, 9.487788855034749, 13.573136235334836, 13.841726294794963, 11.794852077401377, 15.63215818114517, 10.88747995593419, 12.798698181382733, 12.501920287713086, 14.693222030261248, 14.612421847203759, 12.937809218234898, 13.222194176473952, 11.609325446089331, 10.216786067623987, 12.297146005272507, 12.939594840597234, 14.307839538874344, 14.27228002254529, 12.246930141549571, 12.355254203657, 11.40450158038592, 10.931240347316498, 10.566543526336108, 15.225765884541108, 12.091082734361123, 12.182275816775283, 11.14428859948199, 13.730953812944087, 10.684229586297267, 12.469360373396194], "MAPE": [1.4499879954642951, 1.654218091809066, 1.5112491737907814, 1.4045725183566646, 1.5881116983147858, 1.6608161337006744, 1.6031935328367433, 1.6407716744340377, 1.4915778633603698, 1.5348298419048885, 1.485503949087202, 1.5353375634930535, 1.4630983231216002, 1.317672232752657, 1.6208568874153326, 1.5286123680994723, 1.3329746112621876, 1.6663027020150347, 1.4481036624883248, 1.6008728237344931, 1.7087149629323946, 1.6131418183672253, 1.7740609530203661, 1.3959416398504774, 1.6566769297739365, 1.4835371449168457, 1.4539168460212935, 1.5004124023896193, 1.5429821437333946, 1.6015448924035092, 1.4070382363568426, 1.7360656263123238, 1.666761400151473, 1.3479378305234893, 1.8296190443838873, 1.8945393101746308, 1.780332434502886, 1.563945170648525, 1.422071937498231, 1.7605319820310528, 1.5283900394250514, 1.7872866019091054, 1.6257698730085208, 1.7481395329503961, 1.6493549124139952, 1.7051288427662497, 1.594272233299998, 1.8770177348594435, 1.6128120198839786, 1.6566208260222033]}, "LSTM": {"MSE": [0.02519227947775926, 0.018342750790378014, 0.018506571803210244, 0.023255121021294983, 0.018712978381157982, 0.0253204769135765, 0.020323127760789334, 0.019615395799745593, 0.025276637096138414, 0.024338691357840978, 0.02515922499610433, 0.023120814675543815, 0.01937420154768403, 0.025249337700569953, 0.020631832853583075, 0.02290120755908836, 0.023208174171680345, 0.02087137860264743, 0.02250184826513369, 0.023155078143721038, 0.021998022126049933, 0.018869270323961507, 0.02183226492931684, 0.024011938100976505, 0.019727516137369505, 0.020882774774505338, 0.020277474470350127, 0.025120439104376203, 0.022625264884866363, 0.022063819092831154, 0.01956777792217593, 0.02234320828553865, 0.019770414759406364, 0.021267480783541626, 0.01985200631383677, 0.02263403858528658, 0.022422372531223676, 0.020758406638174652, 0.022039534230842688, 0.018882709601491326, 0.018038533903464115, 0.022131510406680818, 0.021553347810189763, 0.022546266646211267, 0.026252266922711556, 0.023202296512419677, 0.019264816882058385, 0.02356807453076321, 0.018410276289715574, 0.02022144063779282], "MAPE": [0.25534550832710373, 0.30115004137360524, 0.2379523535251346, 0.23585226517107674, 0.2545687855970221, 0.24004197325763021, 0.2860658095573583, 0.22933496091997638, 0.22759858094651056, 0.2458436466496206, 0.24429558569270082, 0.3067082691036347, 0.2815096089460613, 0.25935094241601325, 0.22559405281087638, 0.27880857212328375, 0.2313844634186143, 0.21738393510184761, 0.28764424596137766, 0.26524859455258787, 0.28077528035940486, 0.2652944879571651, 0.2791291150320182, 0.24036213199625323, 0.2305096165377214, 0.2746237950650206, 0.23644433753409055, 0.23937167521404235, 0.2453882593345691, 0.2575493891785342, 0.2479988165416729, 0.22175000224622274, 0.2405525708631664, 0.19993630495630998, 0.273174700605909, 0.21591109767435052, 0.22870630434329453, 0.25844116418779967, 0.23808583536277933, 0.29677090524790717, 0.22386064885101015, 0.2639658778509675, 0.2560900387433711, 0.2270683161730738, 0.2705534429422714, 0.252689543824276, 0.27694273507170336, 0.2782722917984075, 0.3127167962560065, 0.2914621335800096]}, "GNN": {"MSE": [0.028796146304552094, 0.02918425625904798, 0.033187982191702464, 0.031859238554860565, 0.031813993263031796, 0.025065301427510605, 0.029827264888047184, 0.02769328758147499, 0.03073697455113928, 0.029606530334967556, 0.03262143493519685, 0.030848482463421992, 0.03225112060670584, 0.02850540690075953, 0.027076105694804432, 0.02867395141732438, 0.029849108962554292, 0.031033663689309696, 0.03665533376256565, 0.02977365111653468, 0.027041724448526597, 0.028865514490658835, 0.028513848035808177, 0.03133962960658265, 0.02529301692681057, 0.03008915336265899, 0.03036795454851647, 0.030594221298238824, 0.028114024953793566, 0.029188614028089338, 0.02564205788214223, 0.02842497354874704, 0.028276844186710014, 0.031143989638321663, 0.02644301452885248, 0.03223578232411288, 0.03436850878802919, 0.023710744775209538, 0.031174513605026523, 0.031923955024740436, 0.027994063293598836, 0.028712157275156896, 0.029502687073015003, 0.029009605270588833, 0.028976051222549103, 0.02488874861907337, 0.03334547137870153, 0.03312805959019009, 0.027468040864979434, 0.025515391259870485], "MAPE": [0.43199492382715027, 0.38695814595947553, 0.41642859688595124, 0.3974883751920224, 0.4389945811189419, 0.43912639983851565, 0.38080697164028526, 0.35379907599147903, 0.34560454940542157, 0.4356621773061419, 0.3617854388753878, 0.3897901204924959, 0.3861153455812222, 0.40844158681517245, 0.33109635117194247, 0.4183512491843546, 0.4321109654386325, 0.41423061089405383, 0.39783501379006075, 0.4145992508269963, 0.42698484295198375, 0.29675734142112176, 0.4909097593767735, 0.4266172318295663, 0.383812103607189, 0.3945474544147971, 0.4308730373779577, 0.40583277226324893, 0.32722009575289185, 0.4953680768874137, 0.4060612006140347, 0.45248829154305076, 0.3821844332499729, 0.47368364184733247, 0.42235727186591704, 0.43559912784356203, 0.36768189678600605, 0.46032962559437174, 0.4389239338357984, 0.46405380618593883, 0.3848107248011168, 0.39084902651600006, 0.5051988196069027, 0.36707575031905326, 0.4050179052901482, 0.4572807593484667, 0.414612587174372, 0.43453607809067024, 0.39419862285846635, 0.4257944947550191]}, "Transformer": {"MSE": [0.018864836731734363, 0.02529814357477147, 0.021443584022071003, 0.020224013297326836, 0.023146051288009256, 0.02070023806136684, 0.018804659117056026, 0.018777623012419305, 0.02320548774133759, 0.021353725639222602, 0.02140986761551949, 0.02403870405896849, 0.019254787994997868, 0.02011442927628333, 0.020864810814076633, 0.02190474294881805, 0.021608487950699445, 0.0210774547925139, 0.021566270707452446, 0.02146714755044815, 0.02013845847684261, 0.019935805214837652, 0.02229570049626095, 0.019766714269899704, 0.01918853908755585, 0.021022325815057245, 0.02135786257492452, 0.026597089989137117, 0.020170800401391974, 0.023746875773183802, 0.02332139868522405, 0.019119989447207893, 0.023377958960963643, 0.0191309790107805, 0.015929596243547072, 0.023015713367859857, 0.01788971743394015, 0.022678527782118835, 0.020215696351910242, 0.025301225227732024, 0.02401866539651574, 0.02071615280564249, 0.02020739238406776, 0.019065452035285757, 0.02074319788792508, 0.021091628575449616, 0.020908615008670042, 0.02204004736594103, 0.022955391650071665, 0.022458750171675188],