{"model":"DQN","run_times":1,"break_point":2000,"cho_cycle":50,"throughput_list":[0.1875],"order_response_rate_episode":[0.005669501417375353],"episode_rewards":[7232.377817249177],"qvr_time_rate":0.16691666666666666,"qvr_task_rate":0.8125,"qvr_network_only_rate":0.1625,"decision_latency_avg_ms":0.20599255710840225,"decision_latency_p95_ms":0.23090559989213943,"decision_latency_count":2000}