{"model":"generic","run_times":1,"break_point":2000,"cho_cycle":50,"throughput_list":[0.417910447761194],"order_response_rate_episode":[0.01167250291812573],"episode_rewards":[7270.181025970029],"qvr_time_rate":0.53,"qvr_task_rate":0.582089552238806,"qvr_network_only_rate":0.53,"decision_latency_avg_ms":73.10303945839405,"decision_latency_p95_ms":91.75375737249851,"decision_latency_count":2000}