{"model":"KaiS","run_times":1,"break_point":2000,"cho_cycle":50,"throughput_list":[0.5],"order_response_rate_episode":[0.018509254627313655],"episode_rewards":[7041.538313381761],"qvr_time_rate":0.39308333333333334,"qvr_task_rate":0.5,"qvr_network_only_rate":0.39308333333333334,"decision_latency_avg_ms":0.7705630827695131,"decision_latency_p95_ms":0.9321218356490135,"decision_latency_count":2000}