{"qvr_time_rate":0.15,"qvr_task_rate":0.2,"decision_latency":{"avg_ms":42.04261144041084,"p95_ms":94.82268665451556,"count":80,"candidate_avg_size":2.975}}