{"qvr_time_rate":0.14444444444444443,"qvr_task_rate":0.2,"qvr_network_only_rate":0.0,"decision_latency":{"avg_ms":41.16746289655566,"p95_ms":96.97985844686627,"count":60,"candidate_avg_size":3.3}}