{"model":"UCB_prediction","run_times":1,"break_point":2000,"cho_cycle":50,"throughput_list":[0.48717948717948717],"order_response_rate_episode":[0.018009004502251125],"episode_rewards":[7270.171355290925],"qvr_time_rate":0.37783333333333335,"qvr_task_rate":0.5128205128205128,"qvr_network_only_rate":0.37783333333333335,"decision_latency_avg_ms":0.026067892089486122,"decision_latency_p95_ms":0.026803836226463318,"decision_latency_count":2000}