{"model":"UCB_predict","run_times":1,"break_point":60,"cho_cycle":20,"throughput_list":[0.8],"order_response_rate_episode":[0.06779661016949153],"episode_rewards":[214.57987804571448],"qvr_time_rate":0.14444444444444443,"qvr_task_rate":0.2,"qvr_network_only_rate":0.0,"decision_latency_avg_ms":41.16746289655566,"decision_latency_p95_ms":96.97985844686627,"decision_latency_count":60}