{"model":"UCB_prediction","run_times":1,"break_point":2000,"cho_cycle":50,"throughput_list":[0.7466666666666667],"order_response_rate_episode":[0.026404869101217275],"episode_rewards":[7408.28321108327],"qvr_time_rate":0.011975,"qvr_task_rate":0.25333333333333335,"qvr_network_only_rate":0.011975,"decision_latency_avg_ms":0.027671873569488525,"decision_latency_p95_ms":0.05201399326324463,"decision_latency_count":2000}