{"model":"UCB_prediction","run_times":1,"break_point":2000,"cho_cycle":50,"throughput_list":[0.8082191780821918],"order_response_rate_episode":[0.02918125729531432],"episode_rewards":[7729.793699764706],"qvr_time_rate":0.00029,"qvr_task_rate":0.1917808219178082,"qvr_network_only_rate":0.00029,"decision_latency_avg_ms":0.028189929202198982,"decision_latency_p95_ms":0.039171986281871796,"decision_latency_count":2000}