{"model":"UCB_prediction","run_times":1,"break_point":2000,"cho_cycle":50,"throughput_list":[0.8181818181818182],"order_response_rate_episode":[0.02940636985159246],"episode_rewards":[7907.943414687253],"qvr_time_rate":2.9e-05,"qvr_task_rate":0.18181818181818182,"qvr_network_only_rate":2.9e-05,"decision_latency_avg_ms":0.03752572275698185,"decision_latency_p95_ms":0.10509006679058074,"decision_latency_count":2000}